{"initial_density":1.6,
"final_densrange": [1.91, 2.06],
"cell":[[15.781002  ,  0.0        ,  0.0        ],
       [ 0.0        , 13.479402  ,  0.0        ],
       [ 0.0        ,  0.069926  , 18.26511401]],
"cation":"Na",
"building_blocks":
	{"p2s7":0,
	"p2s6":0,
	"p2s6_":40,
	"ps4":0},
"gap":
  	{"gapdir":"gap/gp_2b_soap.xml",
  	 "label_file":"GAP_2023_3_12_0_22_55_31_398"
  	},
"opt_params": 
   {"compr_factor":0.99,
  	"fmax":3.0,
  	"nsteps":100
}
}
